url,title,price,location,year,mileage
https://xe.chotot.com/mua-ban-oto-toyota-tp-ho-chi-minh-sdcb2,,,,,
https://xe.chotot.com/mua-ban-oto-ford-tp-ho-chi-minh-sdcb3,,,,,
https://xe.chotot.com/mua-ban-oto-kia-tp-ho-chi-minh-sdcb1,,,,,
https://xe.chotot.com/mua-ban-oto-hyundai-tp-ho-chi-minh-sdcb5,,,,,
https://xe.chotot.com/mua-ban-oto-mitsubishi-tp-ho-chi-minh-sdcb18,,,,,
https://xe.chotot.com/mua-ban-oto-vinfast-tp-ho-chi-minh-sdcb80,,,,,
https://xe.chotot.com/mua-ban-oto-mazda-tp-ho-chi-minh-sdcb7,,,,,
https://xe.chotot.com/mua-ban-oto-mercedes-benz-tp-ho-chi-minh-sdcb16,,,,,
https://xe.chotot.com/mua-ban-oto-honda-tp-ho-chi-minh-sdcb6,,,,,
https://xe.chotot.com/mua-ban-oto-chevrolet-tp-ho-chi-minh-sdcb4,,,,,
https://xe.chotot.com/mua-ban-oto-tp-ho-chi-minh,,,,,
https://xe.chotot.com/mua-ban-oto-tp-ho-chi-minh?page=1&f=p,,,,,
https://xe.chotot.com/mua-ban-oto-tp-ho-chi-minh?page=1&f=c,,,,,
https://xe.chotot.com/mua-ban-oto-quan-7-tp-ho-chi-minh/129756206.htm#px=SR-stickyad-[PO-1][PL-top],Volvo S90L B6 2022 47.000 km,,,,
https://xe.chotot.com/mua-ban-oto-quan-7-tp-ho-chi-minh/127345598.htm#px=SR-stickyad-[PO-2][PL-top],Porsche Panamera 2023 4 Executive - Bank 90%,,,,
https://xe.chotot.com/mua-ban-oto-thanh-pho-thu-duc-tp-ho-chi-minh/129162567.htm#px=SR-stickyad-[PO-3][PL-top],LEXUS NX 350 F SPORT 2021 FORM - 41000 km,,,,
https://xe.chotot.com/mua-ban-oto-huyen-binh-chanh-tp-ho-chi-minh/129439755.htm#px=SR-stickyad-[PO-4][PL-top],"Morning 2017 có hỗ trợ góp, mua tiền mặt giảm 5tr",,,,
https://xe.chotot.com/mua-ban-oto-quan-binh-thanh-tp-ho-chi-minh/122557537.htm?ad_delivery=true&event_source=ad_list,VF9 HỖ TRỢ VAY 90% BAO HS KHÓ-CÁ NHÂN-DOANH NGHIÊP,,,,
https://xe.chotot.com/mua-ban-oto-thanh-pho-thu-duc-tp-ho-chi-minh/129155632.htm,𝐊𝐢𝐚 𝐒𝐞𝐥𝐭𝐨𝐬 𝟏.𝟒𝐀𝐓 𝐏𝐫𝐞𝐦𝐢𝐮𝐦 𝐌𝐨𝐝𝐞𝐥 𝟐𝟎𝟐𝟑,,,,
https://xe.chotot.com/mua-ban-oto-thanh-pho-thu-duc-tp-ho-chi-minh/129847372.htm,Mercedes-Benz S550 2007 Đen,,,,
https://xe.chotot.com/mua-ban-oto-thanh-pho-thu-duc-tp-ho-chi-minh/129024414.htm,𝐇𝐎𝐍𝐃𝐀 𝐂𝐑𝐕-𝐆 𝐑𝐒 𝐌𝐎𝐃𝐄𝐋 𝟐𝟎𝟐𝟒,,,,
https://www.chotot.com/tin-video/mua-ban-oto-tp-ho-chi-minh?source=adlist_video_hub,,,,,
https://xe.chotot.com/mua-ban-oto-quan-7-tp-ho-chi-minh/129038608.htm,Mercedes BenzMaybach S450 2018 - 66000 km,,,,
https://xe.chotot.com/mua-ban-oto-thanh-pho-thu-duc-tp-ho-chi-minh/129303165.htm,𝐊𝐈𝐀 𝐂𝐀𝐑𝐍𝐈𝐕𝐀𝐋 𝟐.𝟐𝐃 𝐒𝐈𝐆𝐍𝐀𝐓𝐔𝐑𝐄 𝐌𝐎𝐃𝐄𝐋 𝟐𝟎𝟐𝟐,,,,
https://xe.chotot.com/mua-ban-oto-quan-10-tp-ho-chi-minh/129598391.htm,C200 Avg Plus V1 model 2023 - Odo 3000km,,,,
https://xe.chotot.com/mua-ban-oto-quan-12-tp-ho-chi-minh/129847195.htm,Hyundai Accent 2024 Đặc Biệt 20.000 km full hãng,,,,
https://xe.chotot.com/mua-ban-oto-thanh-pho-thu-duc-tp-ho-chi-minh/129682082.htm,𝐓𝐎𝐘𝐎𝐓𝐀 𝐂𝐀𝐌𝐑𝐘 𝟐.𝟓𝐐 𝐌𝐎𝐃𝐄𝐋 𝟐𝟎𝟐𝟐 𝐒𝐈𝐄̂𝐔 𝐋𝐔̛𝐎̛́𝐓,,,,
https://xe.chotot.com/mua-ban-oto-thanh-pho-thu-duc-tp-ho-chi-minh/128989014.htm,𝐊𝐈𝐀 𝐂𝐀𝐑𝐍𝐈𝐕𝐀𝐋 𝐏𝐑𝐄𝐌𝐈𝐔𝐌 𝟕𝐒 𝐌𝐎𝐃𝐄𝐋 𝟐𝟎𝟐𝟑,,,,
https://xe.chotot.com/mua-ban-oto-quan-10-tp-ho-chi-minh/129376360.htm,Mercedes Benz E Class 2019 E200 Sport - 41000 km,,,,
https://xe.chotot.com/mua-ban-oto-quan-7-tp-ho-chi-minh/129598624.htm#px=SR-special_display_ad-[PO-21][PL-default],Mercedes C200 AVG Plus ĐKLĐ 2023 - 3900 km - 1 chủ,,,,
https://xe.chotot.com/mua-ban-oto-quan-12-tp-ho-chi-minh/124669971.htm,Honda CR V 2016 2.4 AT bản full TG,,,,
https://xe.chotot.com/mua-ban-oto-quan-10-tp-ho-chi-minh/129666016.htm,Mercedes Benz GLC 2021 300 4MATIC - 5v8 Km,,,,
https://xe.chotot.com/mua-ban-oto-quan-binh-tan-tp-ho-chi-minh/129272997.htm,"VinFast VF5, mua pin, 1 chủ, còn QUÁ MỚI;",,,,
https://xe.chotot.com/mua-ban-oto-quan-12-tp-ho-chi-minh/129272496.htm,Kia Sorento 2020 2.4 GAT Premium - 78000 km,,,,
https://xe.chotot.com/mua-ban-oto-quan-8-tp-ho-chi-minh/127349488.htm#px=SR-special_display_ad-[PO-27][PL-default],Chevrolet Camaro RS Convertible Model 2020,,,,
https://xe.chotot.com/mua-ban-oto-quan-8-tp-ho-chi-minh/128053608.htm#px=SR-special_display_ad-[PO-28][PL-default],Mercedes Benz GLC 300 4 matic Coupe Model 2023,,,,
https://xe.chotot.com/mua-ban-oto-quan-binh-tan-tp-ho-chi-minh/125021638.htm,"💥VINFAST ECVAN GIAO XE SỚM NHẤT,CHI PHÍ THẤP, 0%TB",,,,
https://xe.chotot.com/mua-ban-oto-tp-ho-chi-minh?page=2,,,,,
https://xe.chotot.com/mua-ban-oto-tp-ho-chi-minh?page=3,,,,,
https://xe.chotot.com/mua-ban-oto-tp-ho-chi-minh?page=4,,,,,
https://xe.chotot.com/mua-ban-oto-tp-ho-chi-minh?page=5,,,,,
https://xe.chotot.com/mua-ban-oto-tp-ho-chi-minh?page=6,,,,,
https://xe.chotot.com/mua-ban-oto-tp-ho-chi-minh?page=7,,,,,
https://xe.chotot.com/mua-ban-oto-tp-ho-chi-minh?page=8,,,,,
https://xe.chotot.com/mua-ban-oto-tp-ho-chi-minh?page=9,,,,,
https://xe.chotot.com/mua-ban-oto-cu-tp-ho-chi-minh-sdca1,,,,,
https://xe.chotot.com/mua-ban-oto-moi-tp-ho-chi-minh-sdca2,,,,,
https://xe.chotot.com/mua-ban-oto-gia-duoi-200-trieu-tp-ho-chi-minh-sdpr1,,,,,
https://xe.chotot.com/mua-ban-oto-gia-tu-200-trieu-den-300-trieu-tp-ho-chi-minh-sdpr2,,,,,
https://xe.chotot.com/mua-ban-oto-gia-tu-300-trieu-den-400-trieu-tp-ho-chi-minh-sdpr3,,,,,
https://xe.chotot.com/mua-ban-oto-gia-tu-400-trieu-den-500-trieu-tp-ho-chi-minh-sdpr4,,,,,
https://xe.chotot.com/mua-ban-oto-gia-tu-500-trieu-den-600-trieu-tp-ho-chi-minh-sdpr5,,,,,
https://xe.chotot.com/mua-ban-oto-gia-tu-600-trieu-den-700-trieu-tp-ho-chi-minh-sdpr6,,,,,
https://xe.chotot.com/mua-ban-oto-gia-tu-700-trieu-den-800-trieu-tp-ho-chi-minh-sdpr7,,,,,
https://xe.chotot.com/mua-ban-oto-gia-tu-800-trieu-den-1-ty-tp-ho-chi-minh-sdpr8,,,,,
https://xe.chotot.com/mua-ban-oto-gia-tu-1-ty-den-2-ty-tp-ho-chi-minh-sdpr9,,,,,
https://xe.chotot.com/mua-ban-oto-gia-tren-2-ty-tp-ho-chi-minh-sdpr10,,,,,
https://xe.chotot.com/mua-ban-oto-sedan-tp-ho-chi-minh-sdcy1,,,,,
https://xe.chotot.com/mua-ban-oto-suv-crossover-tp-ho-chi-minh-sdcy3,,,,,
https://xe.chotot.com/mua-ban-oto-hatchback-tp-ho-chi-minh-sdcy4,,,,,
https://xe.chotot.com/mua-ban-oto-pick-up-ban-tai-tp-ho-chi-minh-sdcy6,,,,,
https://xe.chotot.com/mua-ban-oto-minivan-mpv-tp-ho-chi-minh-sdcy8,,,,,
https://xe.chotot.com/mua-ban-oto-van-tp-ho-chi-minh-sdcy9,,,,,
https://xe.chotot.com/mua-ban-oto-coupe-2-cua-tp-ho-chi-minh-sdcy2,,,,,
https://xe.chotot.com/mua-ban-oto-mui-tran-tp-ho-chi-minh-sdcy7,,,,,
https://xe.chotot.com/mua-ban-oto-2-cho-tp-ho-chi-minh-sdcs5,,,,,
https://xe.chotot.com/mua-ban-oto-4-cho-tp-ho-chi-minh-sdcs1,,,,,
https://xe.chotot.com/mua-ban-oto-5-cho-tp-ho-chi-minh-sdcs2,,,,,
https://xe.chotot.com/mua-ban-oto-6-cho-tp-ho-chi-minh-sdcs12,,,,,
https://xe.chotot.com/mua-ban-oto-7-cho-tp-ho-chi-minh-sdcs3,,,,,
https://xe.chotot.com/mua-ban-oto-8-cho-tp-ho-chi-minh-sdcs6,,,,,
https://xe.chotot.com/mua-ban-oto-9-cho-tp-ho-chi-minh-sdcs7,,,,,
https://xe.chotot.com/mua-ban-oto-10-cho-tp-ho-chi-minh-sdcs8,,,,,
https://xe.chotot.com/mua-ban-oto-12-cho-tp-ho-chi-minh-sdcs9,,,,,
https://xe.chotot.com/mua-ban-oto-14-cho-tp-ho-chi-minh-sdcs10,,,,,
https://xe.chotot.com/mua-ban-oto-16-cho-tp-ho-chi-minh-sdcs11,,,,,
https://xe.chotot.com/mua-ban-oto-may-xang-tp-ho-chi-minh-sdfu1,,,,,
https://xe.chotot.com/mua-ban-oto-may-dau-tp-ho-chi-minh-sdfu2,,,,,
https://xe.chotot.com/mua-ban-oto-hybrid-tp-ho-chi-minh-sdfu3,,,,,
https://xe.chotot.com/mua-ban-oto-dien-tp-ho-chi-minh-sdfu4,,,,,
https://xe.chotot.com/mua-ban-oto-so-tu-dong-tp-ho-chi-minh-sdge1,,,,,
https://xe.chotot.com/mua-ban-oto-so-san-tp-ho-chi-minh-sdge2,,,,,
https://xe.chotot.com/mua-ban-oto-ban-tu-dong-tp-ho-chi-minh-sdge3,,,,,
https://xe.chotot.com/mua-ban-oto-thanh-pho-thu-duc-tp-ho-chi-minh,,,,,
https://xe.chotot.com/mua-ban-oto-quan-1-tp-ho-chi-minh,,,,,
https://xe.chotot.com/mua-ban-oto-quan-3-tp-ho-chi-minh,,,,,
https://xe.chotot.com/mua-ban-oto-quan-4-tp-ho-chi-minh,,,,,
https://xe.chotot.com/mua-ban-oto-quan-5-tp-ho-chi-minh,,,,,
https://xe.chotot.com/mua-ban-oto-quan-6-tp-ho-chi-minh,,,,,
https://xe.chotot.com/mua-ban-oto-quan-7-tp-ho-chi-minh,,,,,
https://xe.chotot.com/mua-ban-oto-quan-8-tp-ho-chi-minh,,,,,
https://xe.chotot.com/mua-ban-oto-quan-10-tp-ho-chi-minh,,,,,
https://xe.chotot.com/mua-ban-oto-quan-11-tp-ho-chi-minh,,,,,
https://xe.chotot.com/mua-ban-oto-quan-12-tp-ho-chi-minh,,,,,
https://xe.chotot.com/mua-ban-oto-quan-binh-tan-tp-ho-chi-minh,,,,,
https://xe.chotot.com/mua-ban-oto-quan-binh-thanh-tp-ho-chi-minh,,,,,
https://xe.chotot.com/mua-ban-oto-quan-go-vap-tp-ho-chi-minh,,,,,
https://xe.chotot.com/mua-ban-oto-quan-phu-nhuan-tp-ho-chi-minh,,,,,
https://xe.chotot.com/mua-ban-oto-quan-tan-binh-tp-ho-chi-minh,,,,,
https://xe.chotot.com/mua-ban-oto-quan-tan-phu-tp-ho-chi-minh,,,,,
https://xe.chotot.com/mua-ban-oto-huyen-binh-chanh-tp-ho-chi-minh,,,,,
https://xe.chotot.com/mua-ban-oto-huyen-can-gio-tp-ho-chi-minh,,,,,
https://xe.chotot.com/mua-ban-oto-huyen-cu-chi-tp-ho-chi-minh,,,,,
https://xe.chotot.com/mua-ban-oto-toyota-vios-sdcb2cm101,,,,,
https://xe.chotot.com/mua-ban-oto-ford-ecosport-sdcb3cm120,,,,,
https://xe.chotot.com/mua-ban-oto-honda-city-sdcb6cm240,,,,,
https://xe.chotot.com/mua-ban-oto-toyota-innova-sdcb2cm71,,,,,
https://xe.chotot.com/mua-ban-oto-mazda-3-sdcb7cm268,,,,,
https://xe.chotot.com/mua-ban-oto-mitsubishi-xpander-sdcb18cm992,,,,,
https://xe.chotot.com/mua-ban-oto-ford-ranger-sdcb3cm145,,,,,
https://xe.chotot.com/mua-ban-oto-toyota-fortuner-sdcb2cm67,,,,,
https://xe.chotot.com/mua-ban-oto-toyota-camry-sdcb2cm54,,,,,
https://xe.chotot.com/mua-ban-oto-mercedes-benz-c-class-sdcb16cm439,,,,,
https://xe.chotot.com/mua-ban-oto-ford-everest-sdcb3cm125,,,,,
